{
    "loss": 12.516278266906738,
    "accuracy": 0.5467625856399536
}