{
    "loss": 9.70914077758789,
    "accuracy": 0.5035971403121948
}