{
    "loss": 4.405170917510986,
    "accuracy": 0.5035971403121948
}