{
    "loss": 1.1438301801681519,
    "accuracy": 0.8489208817481995
}